File Name,File1,File3,File4,File5,File6,File7,File8,File9,Lines,Statements,% Branches,Calls,% Comments,Classes,Methods/Class,Avg Stmts/Method,Max Complexity,Max Depth,Avg Depth,Avg Complexity,num_of_tests,num_of_passed_tests,num_of_failed_tests,In_DegreeCentrality4Data,out_DegCentrality4Data,In_degCentrality4Call,Out_degCentrality4Call,CBO,IFC(Information Flow complexity),Density,Diversity,Uniqueness,DDU,No of Modified ,No of Chunks,No of Failing tests,No of Repair Actions,Exception Type,label
1,com,google,javascript,jscomp,RemoveUnusedVars.java,,,,998,392,28.8,268,30.6,4,7.75,10.29,34,8,3.33,5.42,374,8,366,1,12,0,0,13,154.29,0.394240772,0.999798207,0.202538248,0.079832722,1,8,2,1,2,Bad
2,com,google,javascript,jscomp,TypeCheck.java,,,,2009,880,39.4,633,19.8,1,42,18.05,70,7,3.02,7.95,6758,1,6757,1,1,0,0,2,19.05,0.353052766,0,0.00014828,0,3,1,3,2,18,Bad
3,com,google,javascript,jscomp,FlowSensitiveInlineVariables.java,,,,539,198,24.7,130,29.9,8,2.38,7.89,38,9,3.76,6.84,358,3,355,1,20,0,0,21,407.89,0.46829385,0.999779687,0.208314299,0.097530813,3,3,10,2,2,Bad
4,com,google,javascript,rhino,jstype,NamedType.java,,,400,154,20.8,79,30.3,2,11,5.09,10,5,2.12,2.91,6883,3,6880,1,2,0,4,7,41.09,0.3402213,0.999939584,0.512795751,0.174453497,2,3,2,3,2,Bad
5,com,google,javascript,jscomp,InlineObjectLiterals.java,,,,472,185,24.9,159,30.1,3,4,12.5,18,8,3.58,5.25,314,1,313,1,17,0,1,19,336.5,0.467477109,0.999733759,0.215650353,0.100784763,1,1,3,1,2,Bad
6,com,google,javascript,jscomp,TypeValidator.java,,,,832,277,23.8,228,31.6,2,19,5,19,6,2.23,3.82,6674,3,6671,2,6,0,0,8,149,0.342060277,0.999943635,0.47749274,0.163322093,4,3,2,2,2,Bad
7,com,google,javascript,jscomp,type,ChainableReverseAbstractInterpreter.java,,,718,288,15.3,115,20.9,7,11,2.19,10,6,2.46,1.55,6648,2,6646,0,0,0,0,0,2.19,0.351958672,0.999938666,0.483561245,0.170183135,3,2,5,3,2,Bad
8,com,google,javascript,jscomp,CollapseVariableDeclarations.java,,,,250,99,18.2,62,32.8,3,2.67,8.75,12,6,2.74,3.88,282,1,281,0,6,1,0,7,44.75,0.490295673,0.999694967,0.213376659,0.104585741,2,1,4,1,2,Bad
9,com,google,javascript,jscomp,ProcessCommonJSModules.java,,,,287,118,13.6,112,23.7,3,5.33,4.81,8,6,2.5,2.44,117,1,116,0,0,0,0,0,4.81,0.542773431,0.997001499,0.225023343,0.121770465,2,1,5,2,6,Bad
10,com,google,javascript,jscomp,NodeUtil.java,,,,3229,1603,58.6,750,27.1,11,15.09,8.36,426,7,2.89,6.81,6516,1,6515,3,2,0,0,5,44.36,0.350152589,0.999944017,0.473994638,0.165961158,1,1,2,2,2,Bad
11,com,google,javascript,jscomp,TypeCheck.java,,,,1921,833,40,586,20.1,1,41,17.46,64,7,2.99,7.71,6586,2,6584,1,11,0,0,12,138.46,0.348784358,0.999942734,0.472029703,0.164627149,1,2,3,1,2,Bad
12,com,google,javascript,jscomp,MaybeReachingVariableUse.java,,,,302,128,30.5,66,30.8,3,5,6.13,22,6,2.7,3.07,351,1,350,0,0,1,0,1,6.13,0.477662217,0.999738027,0.207810321,0.099237134,1,1,6,2,2,Bad
13,com,google,javascript,jscomp,PeepholeOptimizationsPass.java,,,,211,99,16.2,41,19.4,4,4.25,3.88,5,5,2.31,2.18,608,1,607,0,0,0,0,0,3.88,0.341548903,0.999586779,0.246840291,0.084273193,2,1,1,2,2,Bad
14,com,google,javascript,jscomp,ControlFlowAnalysis.java,,,,1058,515,44.7,320,27.1,3,14,10.29,30,7,2.92,5.1,3339,3,3336,2,15,0,0,17,910.29,0.435580538,0.999931648,0.400417827,0.174402291,1,3,2,3,2,Bad
15,com,google,javascript,jscomp,FlowSensitiveInlineVariables.java,,,,501,184,25,119,29.1,8,2.25,7.89,36,9,3.85,7,333,1,332,2,6,0,0,8,151.89,0.473784211,0.999782915,0.206872038,0.097991428,1,1,3,1,2,Bad
16,com,google,javascript,jscomp,ScopedAliases.java,,,,484,225,22.2,153,15.5,6,4,6.46,18,7,3.01,4.13,390,2,388,2,1,0,0,3,10.46,0.476601246,0.999591326,0.220947847,0.105260984,5,2,8,3,2,Good
17,com,google,javascript,jscomp,TypedScopeCreator.java,,,,2026,840,27.9,646,24.3,9,7.11,10.56,29,9,3.5,5.95,6539,1,6538,3,11,0,0,14,1099.56,0.348855404,0,0.000153186,0,2,1,5,2,6,Bad
18,com,google,javascript,jscomp,Compiler.java,,,,2493,971,12.7,829,19.1,6,15.17,9.08,37,7,3.7,3.09,6541,1,6540,1,10,0,2,13,153.08,0.338941244,0.999948258,0.471609573,0.159839664,1,1,1,2,2,Bad
19,com,google,javascript,jscomp,type,ChainableReverseAbstractInterpreter.java,,,709,284,14.8,114,20.9,7,11,2.16,10,6,2.44,1.53,6538,1,6537,1,2,0,0,3,6.16,0.345312678,0.999940557,0.471774194,0.162899926,2,1,1,1,9,Bad
20,com,google,javascript,jscomp,PeepholeSubstituteAlternateSyntax.java,,,,1722,830,32.9,598,24.3,4,13,14.62,40,9,3.73,6.9,369,1,368,1,13,0,0,14,183.62,0.440357333,0.999749617,0.235246996,0.103566802,1,1,2,3,2,Bad
21,com,google,javascript,jscomp,CheckSideEffects.java,,,,196,80,16.2,54,27,2,4.5,5.89,14,5,2.17,3.11,6529,1,6528,3,20,0,0,23,3605.89,0.347942507,0.999945292,0.474876334,0.165220623,2,1,8,4,2,Bad
22,com,google,javascript,jscomp,CheckSideEffects.java,,,,196,80,16.2,54,27,2,4.5,5.89,14,5,2.17,3.11,6529,1,6528,1,21,0,0,22,446.89,0.347918473,0.999945339,0.474876334,0.165209218,5,1,8,5,2,Bad
23,com,google,javascript,jscomp,PeepholeFoldConstants.java,,,,1542,909,50.4,402,13.2,1,35,24.49,66,7,3.37,9.86,372,1,371,0,0,0,0,0,24.49,0.434217639,0.999782628,0.231147541,0.100346522,2,1,5,2,2,Bad
24,com,google,javascript,jscomp,ScopedAliases.java,,,,413,190,22.1,132,14.3,6,3.67,5.82,18,6,2.93,4.05,380,1,379,2,14,0,1,17,905.82,0.473001342,0.998889043,0.228611898,0.108013603,4,1,4,3,2,Bad
25,com,google,javascript,jscomp,TypeInference.java,,,,1398,684,34.1,456,18.7,2,23.5,12.49,32,9,3,5.64,2896,1,2895,1,10,0,0,11,112.49,0.475800426,0.999915616,0.380805748,0.181172248,4,1,5,2,6,Bad
26,com,google,javascript,jscomp,ProcessCommonJSModules.java,,,,281,117,13.7,112,22.8,3,5.33,4.75,8,6,2.5,2.44,6489,7,6482,2,2,0,0,4,20.75,0.282168558,0.999953473,0.463905775,0.130893533,3,7,5,2,2,Good
27,com,google,javascript,rhino,IR.java,,,,585,334,29.6,203,12.1,1,63,3.51,4,4,2.13,1.11,6849,3,6846,1,2,0,0,3,7.51,0.556844612,0.998434308,0.733944954,0.408053405,3,3,6,3,11,Good
28,com,google,javascript,jscomp,InlineCostEstimator.java,,,,107,37,2.7,11,33.6,2,5.5,1.45,2,4,2.03,1.09,671,2,669,0,0,0,0,0,1.45,0.38898192,0.999741976,0.247519715,0.096255851,1,2,3,2,2,Unknown
29,com,google,javascript,jscomp,InlineObjectLiterals.java,,,,466,183,24.6,158,30,3,4,12.33,17,8,3.56,5.17,291,5,286,1,14,0,1,16,237.33,0.420891571,0.999715606,0.19631467,0.082603691,3,5,6,3,2,Bad
30,com,google,javascript,jscomp,FlowSensitiveInlineVariables.java,,,,492,180,24.4,118,29.3,8,2.25,7.67,36,9,3.82,6.83,337,3,334,0,2,1,0,3,11.67,0.448537414,0.999558429,0.209879518,0.094097247,6,3,9,6,2,Bad
31,com,google,javascript,jscomp,Compiler.java,,,,2432,948,12.4,812,19.2,6,14.67,9.18,37,7,3.74,3.07,6438,1,6437,1,9,0,2,12,130.18,0.328883722,0,0.000155594,0,1,1,1,2,2,Bad
32,com,google,javascript,jscomp,parsing,JsDocInfoParser.java,,,2362,1188,34.3,697,17.1,6,10.83,16.54,137,9,5.07,6.4,5082,4,5078,1,8,0,0,9,80.54,0.35525002,0.999918914,0.44092219,0.156624916,6,4,8,3,6,Bad
33,com,google,javascript,rhino,jstype,PrototypeObjectType.java,,,584,248,23.8,139,20.9,1,41,4.56,15,6,2.17,2.68,7221,1,7220,2,8,0,0,10,260.56,0.321160865,0.999939045,0.524294073,0.168372474,1,1,3,1,2,Bad
34,com,google,javascript,jscomp,CodeGenerator.java,,,,1228,715,36.6,483,15.2,2,17,19.53,128,9,3.81,7.65,4012,1,4011,0,0,0,0,0,19.53,0.521333462,0.999827436,0.595084088,0.310183712,3,1,5,3,23,Bad
35,com,google,javascript,jscomp,TypeInference.java,,,,1400,688,34.2,463,18.5,2,23.5,12.62,32,9,3.02,5.68,2821,1,2820,1,4,0,0,5,28.62,0.482202208,0.999906277,0.370332741,0.178558529,1,1,7,2,2,Bad
36,com,google,javascript,jscomp,InlineVariables.java,,,,727,282,26.6,219,29,6,4.67,7.96,20,7,3.33,4.46,384,1,383,0,0,0,0,0,7.96,0.367712139,0.999687228,0.201826484,0.074190836,1,1,3,2,2,Bad
37,com,google,javascript,jscomp,NodeTraversal.java,,,,684,276,14.5,141,29.2,8,6,3.94,6,5,2.07,1.91,6543,1,6542,0,0,0,0,0,3.94,0.334463849,0.99994014,0.469096282,0.156886356,3,1,5,2,21,Bad
38,com,google,javascript,jscomp,CodeConsumer.java,,,,300,119,16.8,58,28.7,1,31,2.58,11,5,1.97,2.06,4007,1,4006,1,2,0,1,4,11.58,0.334394493,0.999891168,0.405275779,0.13550724,1,1,1,2,6,Bad
39,com,google,javascript,rhino,jstype,PrototypeObjectType.java,,,553,237,22.8,130,20.3,1,40,4.43,15,5,2.11,2.6,7113,2,7111,3,7,0,0,10,445.43,0.334394493,0.999891168,0.405275779,0.13550724,3,2,5,3,6,Bad
40,com,google,javascript,jscomp,NameAnalyzer.java,,,,1802,759,29.9,479,29,21,3.1,9.35,27,7,3.1,4.66,522,2,520,1,10,0,0,11,109.35,0.525559229,0.99956613,0.656639004,0.344952959,2,2,2,2,21,Bad
41,com,google,javascript,jscomp,FunctionTypeBuilder.java,,,,849,376,25,214,19,7,5.43,7.11,124,6,2.54,8.06,6362,3,6359,1,20,0,0,21,407.11,0.427196331,0.999639656,0.202718538,0.086569409,2,3,4,3,2,Bad
42,com,google,javascript,jscomp,parsing,IRFactory.java,,,1318,751,36.2,403,9.5,2,40.5,7.36,88,6,2.84,3.38,6252,1,6251,0,0,0,0,0,7.36,0.352094158,0.999937999,0.465941466,0.164045096,2,1,3,2,2,Bad
43,com,google,javascript,jscomp,TypedScopeCreator.java,,,,1970,819,27.5,620,24.3,9,7.11,10.23,29,9,3.46,5.72,6221,2,6219,0,0,0,0,0,10.23,0.570646961,0.999874723,0.564727955,0.32221992,4,2,6,5,6,Unknown
44,com,google,javascript,jscomp,CodeConsumer.java,,,,299,118,16.9,58,28.8,1,31,2.55,10,5,1.97,2.03,3831,1,3830,2,3,0,1,6,66.55,0.372001898,0.999923247,0.419471776,0.15603232,2,1,2,1,6,Bad
45,com,google,javascript,jscomp,RemoveUnusedVars.java,,,,978,385,28.6,266,30.3,4,7.75,10.06,32,8,3.32,5.32,177,1,176,0,7,1,0,8,59.06,0.344148484,0.999881053,0.398268398,0.137047162,4,1,8,4,2,Bad
46,com,google,javascript,rhino,jstype,RecordType.java,,,281,99,30.3,72,32.7,1,9,8.67,16,6,2.54,5.11,3217,3,3214,0,0,0,0,0,8.67,0.452688442,0.998972779,0.140091116,0.063352485,1,3,9,3,2,Unknown
47,com,google,debugging,sourcemap,SourceMapConsumerV3.java,,,,724,340,19.4,175,17.3,9,5.22,5.23,65,7,2.98,5.58,6218,16,6202,2,10,0,0,12,405.23,0.562392568,0.998374037,0.575815739,0.323307949,3,16,5,2,2,Good
48,com,google,javascript,jscomp,TypedScopeCreator.java,,,,1921,800,27.5,611,24.2,9,7,10.13,32,9,3.46,5.63,6196,1,6195,1,22,0,0,23,494.13,0.366932617,0.999936572,0.455780427,0.167230097,2,1,6,2,2,Unknown
49,com,google,javascript,jscomp,MakeDeclaredNamesUnique.java,,,,594,249,20.1,135,24.6,6,7.17,3.79,29,7,2.84,2.98,1841,66,1775,0,13,0,0,13,3.79,0.366932617,0.999936572,0.455780427,0.167230097,8,66,10,4,2,Good
50,com,google,javascript,jscomp,PeepholeReplaceKnownMethods.java,,,,650,340,28.8,231,18.2,1,14,22.64,32,6,2.77,10.57,101,2,99,1,19,1,0,21,1466.64,0.34624414,0.999802801,0.262390671,0.090833316,3,2,3,3,2,Bad
51,com,google,javascript,jscomp,CodeConsumer.java,,,,292,116,16.4,56,27.7,1,31,2.48,10,5,1.97,1.97,3823,1,3822,0,2,0,0,2,2.48,0.484575439,0.997821782,0.106262986,0.051380271,1,1,2,2,6,Bad
52,com,google,javascript,jscomp,CodeGenerator.java,,,,1210,700,37,472,15.8,2,17.5,18.49,129,9,3.8,7.29,3803,1,3802,1,0,1,0,2,18.49,0.338758171,0.999873955,0.36947642,0.12514738,1,1,2,2,6,Bad
53,com,google,javascript,jscomp,InlineObjectLiterals.java,,,,443,174,24.1,152,29.8,3,4,11.67,14,8,3.49,4.92,116,1,115,1,11,0,1,13,155.67,0.340138413,0.999875401,0.367657993,0.125039025,2,1,4,1,21,Bad
54,com,google,javascript,jscomp,TypedScopeCreator.java,,,,1780,749,27.8,569,23.3,8,7.13,10.51,29,9,3.48,5.75,6965,3,6962,0,22,0,0,22,10.51,0.496134333,0.997901049,0.113716295,0.056300139,5,3,9,6,6,Bad
54,com,google,javascript,rhino,jstype,FunctionType.java,,,1103,437,24.7,283,26.3,2,30.5,5.72,16,6,2.35,3.18,6965,3,6962,0,22,0,0,22,5.72,0.320935882,0,0.000143823,0,5,3,9,6,6,Bad
55,com,google,javascript,jscomp,FunctionRewriter.java,,,,539,187,19.3,94,30.2,10,2.6,4.73,8,5,2.69,2.69,96,1,95,1,1,1,0,3,8.73,0.508134428,0.997587719,0.091611479,0.046438653,1,1,2,2,11,Bad
56,com,google,javascript,jscomp,SourceFile.java,,,,487,198,14.6,70,26.7,5,8.2,2.98,11,4,2.04,1.76,6086,3,6083,1,1,0,0,2,3.98,0.508134428,0.997587719,0.091611479,0.046438653,2,3,3,1,6,Bad
57,com,google,javascript,jscomp,ClosureCodingConvention.java,,,,403,159,22.6,104,20.6,1,23,5.17,12,6,2.39,3,6063,1,6062,0,6,0,0,6,5.17,0.314953609,0.999874186,0.425540432,0.134008633,1,1,2,2,2,Bad
58,com,google,javascript,jscomp,LiveVariablesAnalysis.java,,,,301,146,30.8,92,20.6,3,6.33,5.74,25,7,2.86,2.84,177,1,176,1,5,1,1,8,149.74,0.344931173,0.999908079,0.416798732,0.14375366,2,1,2,1,11,Bad
59,com,google,javascript,jscomp,Compiler.java,,,,2057,798,12.3,661,19.3,6,13.67,8.26,37,7,3.66,2.94,6042,1,6041,0,10,0,4,14,8.26,0.436316288,0.998571429,0.118589744,0.051668719,1,1,2,2,2,Bad
60,com,google,javascript,jscomp,NodeUtil.java,,,,3027,1457,57.1,679,28.2,11,15.09,7.5,415,7,2.83,6.28,5994,2,5992,2,0,0,0,2,7.5,0.274998493,0.999942604,0.431443506,0.118639504,3,2,4,2,2,Bad
61,com,google,javascript,jscomp,NodeUtil.java,,,,3017,1453,57,680,28.2,11,15.09,7.48,412,7,2.83,6.25,5987,3,5984,1,9,0,0,10,88.48,0.256289119,0.999944417,0.43035783,0.110289899,1,3,5,2,2,Bad
62,com,google,javascript,jscomp,LightweightMessageFormatter.java,,,,177,88,17,54,22.6,2,4.5,7.67,11,6,2.88,3,6023,2,6021,1,1,0,3,5,23.67,0.349364885,0.999926561,0.433572992,0.151464054,1,2,1,2,6,Bad
63,com,google,javascript,jscomp,LightweightMessageFormatter.java,,,,177,88,17,54,22.6,2,4.5,7.67,11,6,2.88,3,6023,2,6021,0,1,0,3,4,7.67,0.294882009,0.616974654,0.574074074,0.104444009,1,2,1,2,6,Bad
64,com,google,javascript,jscomp,Compiler.java,,,,2011,777,12.2,641,19.6,6,13.33,8.24,37,7,3.69,2.93,6004,1,6003,1,0,0,0,1,8.24,0.294882009,0.616974654,0.574074074,0.104444009,4,1,5,1,2,Bad
65,com,google,javascript,jscomp,CodeGenerator.java,,,,1210,700,37,471,15.8,2,17.5,18.49,129,9,3.8,7.26,3732,1,3731,1,0,0,0,1,18.49,0.282642544,0,0.000166889,0,1,1,1,2,6,Bad
66,com,google,javascript,jscomp,TypeCheck.java,,,,1926,858,40.4,571,20.3,1,41,18.07,63,7,2.99,7.63,5985,2,5983,2,15,0,0,17,918.07,0.33730361,0.999867502,0.3682339,0.124190166,2,2,2,1,2,Bad
67,com,google,javascript,jscomp,AnalyzePrototypeProperties.java,,,,697,286,20.6,185,24.8,12,3.67,4.05,71,9,2.86,6,134,1,133,2,5,0,0,7,104.05,0.352160951,0.999924053,0.433274544,0.152570788,1,1,2,2,2,Bad
68,com,google,javascript,jscomp,parsing,JsDocInfoParser.java,,,2306,1151,34.6,675,17.6,6,10.67,16.28,134,9,5.05,6.27,4595,1,4594,1,15,0,1,17,272.28,0.462182993,0.997980025,0.1184005,0.054612159,4,1,1,4,2,Bad
69,com,google,javascript,jscomp,TypeCheck.java,,,,1923,856,40.4,571,20.3,1,41,18.02,62,7,2.99,7.61,5985,3,5982,0,12,0,0,12,18.02,0.499511595,0.99967389,0.517131474,0.258228929,1,3,2,2,2,Bad
70,com,google,javascript,jscomp,TypedScopeCreator.java,,,,1811,776,29.1,575,22.5,8,7.38,10.64,29,9,3.51,5.78,5968,5,5963,1,9,1,0,11,334.64,0.34953598,0.999924807,0.435623557,0.152254658,1,5,1,2,2,Good
71,com,google,javascript,jscomp,CheckAccessControls.java,,,,642,240,32.1,191,23.1,1,22,8.45,23,6,2.69,5.95,5924,2,5922,0,20,0,0,20,8.45,0.34529496,0.999924628,0.435539076,0.150378112,1,2,3,3,2,Bad
72,com,google,javascript,jscomp,FunctionToBlockMutator.java,,,,449,159,17.6,104,36.3,2,7.5,8.4,7,5,2.33,3.2,420,1,419,1,0,0,0,1,8.4,0.354191569,0.99992819,0.444220817,0.157327969,2,1,3,2,2,Bad
73,com,google,javascript,jscomp,CodeGenerator.java,,,,1193,689,37.3,468,15.8,2,17,18.82,129,9,3.83,7.38,3600,1,3599,1,1,0,0,2,19.82,0.340823343,0.999868507,0.371763754,0.126689104,1,1,1,2,6,Bad
74,com,google,javascript,jscomp,PeepholeFoldConstants.java,,,,1718,1011,45.6,510,13.6,1,36,26.56,46,7,3.29,10.39,170,3,167,0,10,0,0,10,26.56,0.340823343,0.999868507,0.371763754,0.126689104,2,3,9,4,2,Bad
75,com,google,javascript,jscomp,NodeUtil.java,,,,2986,1450,57.4,671,28,11,14.91,7.57,411,7,2.85,6.3,5764,1,5763,1,0,0,0,1,7.57,0.390245531,0.999095023,0.12704918,0.049535506,3,1,5,3,2,Bad
76,com,google,javascript,jscomp,DeadAssignmentsElimination.java,,,,432,191,38.7,121,26.9,3,4,13.42,30,7,3.15,7,107,4,103,1,5,0,0,6,38.42,0.348971141,0.999923443,0.424092409,0.147984682,11,4,9,5,2,Good
77,com,google,javascript,jscomp,CodeGenerator.java,,,,1161,666,37.4,458,16.1,2,16,19.34,125,8,3.81,7.5,3476,1,3475,2,1,0,0,3,23.34,0.475284931,0.998060307,0.101705826,0.048245483,1,1,2,2,6,Bad
78,com,google,javascript,jscomp,PeepholeFoldConstants.java,,,,1628,961,45.4,480,13.5,1,34,26.71,46,7,3.29,10.24,156,1,155,0,5,0,0,5,26.71,0.340757059,0.999858442,0.36809816,0.12541429,2,1,1,1,2,Bad
79,com,google,javascript,jscomp,Normalize.java,,,,779,317,26.2,221,29,6,5.17,8.13,15,8,3.68,3.68,5675,5,5670,2,0,0,0,2,8.13,0.401588117,0.999090157,0.122871452,0.04929882,2,5,3,2,21,Bad
80,com,google,javascript,jscomp,NodeUtil.java,,,,2973,1448,57.1,670,28.1,11,14.91,7.56,405,7,2.84,6.23,5634,2,5632,0,15,0,0,15,7.56,0.3423085,0,0.000177873,0,2,2,1,1,2,Bad
81,com,google,javascript,jscomp,parsing,IRFactory.java,,,1289,801,48.1,353,8,2,36.5,9.1,154,6,2.99,4.29,5697,1,5696,5,0,0,0,5,9.1,0.3423085,0,0.000177873,0,1,1,4,1,2,Bad
82,com,google,javascript,rhino,jstype,JSType.java,,,1030,316,17.7,134,44.3,2,42.5,2.4,20,6,1.94,1.83,6358,2,6356,1,4,0,0,5,18.4,0.508677514,0.999842034,0.491245136,0.249845881,1,2,2,2,2,Bad
83,com,google,javascript,jscomp,CommandLineRunner.java,,,,627,226,13.3,118,13.1,4,3.25,7.69,12,6,2.24,3.23,53,1,52,0,1,0,0,1,7.69,0.333698115,0.999918022,0.500464253,0.166990287,1,1,2,1,2,Bad
84,com,google,javascript,jscomp,parsing,IRFactory.java,,,1243,781,48.8,338,7.9,2,35,9.26,154,6,2.97,4.36,5543,1,5542,2,0,0,0,2,9.26,0.579591462,0.995645864,0.059295261,0.034217388,3,1,7,3,2,Bad
85,com,google,javascript,jscomp,UnreachableCodeElimination.java,,,,230,98,28.6,54,28.7,1,8,8.5,11,6,2.24,4.75,77,2,75,0,14,0,0,14,8.5,0.493737299,0.99983678,0.475143403,0.23455773,4,2,9,4,2,Bad
86,com,google,javascript,jscomp,NodeUtil.java,,,,2533,1191,57.4,535,30.1,8,17.25,7.37,319,7,2.82,5.96,5374,7,5367,2,5,1,0,8,232.37,0.501841698,0.997408367,0.111912118,0.056016616,1,7,1,3,2,Bad
87,com,google,javascript,jscomp,PeepholeSubstituteAlternateSyntax.java,,,,1097,499,31.9,372,26.1,4,7.25,15.76,33,8,3.62,6.86,112,1,111,0,4,0,0,4,15.76,0.351419736,0.999929903,0.420826162,0.147876252,4,1,8,2,2,Bad
88,com,google,javascript,jscomp,DeadAssignmentsElimination.java,,,,354,148,33.1,103,29.4,3,3.67,10.82,30,6,2.93,5.91,92,7,85,4,0,0,0,4,10.82,0.424077245,0.998552124,0.117377511,0.04970506,2,7,5,1,2,Bad
89,com,google,javascript,jscomp,CollapseProperties.java,,,,856,306,26.1,210,35.3,2,11.5,11.04,13,7,2.7,5.7,443,8,435,0,4,0,0,4,11.04,0.442653852,0.997849976,0.074797523,0.033038225,2,8,3,3,2,Bad
90,com,google,javascript,jscomp,FunctionTypeBuilder.java,,,,727,313,25.2,197,21.6,4,5.25,10.9,18,6,2.48,6.48,6033,2,6031,1,0,0,0,1,10.9,0.353543491,0.999905667,0.46241528,0.16346849,2,2,4,3,2,Unknown
91,com,google,javascript,jscomp,CheckGlobalThis.java,,,,203,62,30.6,39,40.9,1,5,9.2,27,6,2.66,8.4,96,1,95,0,3,0,0,3,9.2,0.436392845,0.99627193,0.081625564,0.035488015,1,1,5,3,2,Bad
92,com,google,javascript,jscomp,ProcessClosurePrimitives.java,,,,916,408,27,311,23.8,4,7.5,11.17,29,9,3.27,5.53,1807,1,1806,0,8,1,0,9,75.17,0.436392845,0.99627193,0.081625564,0.035488015,1,1,2,2,2,Bad
93,com,google,javascript,jscomp,ProcessClosurePrimitives.java,,,,916,408,27,311,23.8,4,7.5,11.17,29,9,3.27,5.53,1800,1,1799,0,8,1,0,9,75.17,0.39621858,0.999781825,0.260752688,0.103292519,1,1,2,2,2,Bad
94,com,google,javascript,jscomp,NodeUtil.java,,,,2341,1103,57.8,487,30.5,8,16,7.35,287,7,2.8,5.8,5157,3,5154,3,0,0,0,3,7.35,0.396290171,0.999775184,0.259230769,0.10270751,3,3,3,2,2,Bad
95,com,google,javascript,jscomp,TypedScopeCreator.java,,,,1532,668,27.8,483,23,8,6.75,9.83,23,7,3.35,5.3,2285,2,2283,1,19,0,0,20,370.83,0.356244017,0.999918286,0.424035507,0.151047769,2,2,4,2,2,Good
96,com,google,javascript,jscomp,TypeCheck.java,,,,1723,785,40.8,497,20.2,1,38,17.76,62,7,2.98,7.29,5083,1,5082,0,8,0,2,10,17.76,0.484898507,0.999883963,0.326859875,0.158475474,3,1,3,3,2,Bad
97,com,google,javascript,jscomp,PeepholeFoldConstants.java,,,,1196,694,47.4,319,14.1,1,19,34.63,55,8,3.73,13.68,82,1,81,1,0,0,0,1,34.63,0.35844981,0.999910879,0.424778761,0.152248297,1,1,3,3,2,Bad
98,com,google,javascript,jscomp,ReferenceCollectingCallback.java,,,,606,231,21.2,102,31.4,6,7.17,3.47,12,6,2.63,2.47,373,1,372,2,1,0,0,3,7.47,0.434752707,0.999096658,0.111596505,0.048473055,5,1,6,4,2,Bad
99,com,google,javascript,jscomp,CheckGlobalThis.java,,,,189,57,29.8,33,43.4,1,5,8.2,21,6,2.56,7.2,75,3,72,1,10,0,0,11,108.2,0.368936958,0.999533766,0.116352201,0.042906613,4,3,6,3,2,Bad
100,com,google,javascript,jscomp,CheckGlobalThis.java,,,,183,57,29.8,27,44.8,1,5,8.2,18,6,2.56,6.6,71,9,62,0,7,0,0,7,8.2,0.429489603,0.997117117,0.074480151,0.031896232,2,9,6,3,2,Good
101,com,google,javascript,jscomp,CommandLineRunner.java,,,,483,190,12.6,99,14.1,4,3,6.92,7,6,2.27,2.67,21,1,20,0,4,1,3,8,55.92,0.433920188,0.997183099,0.070833333,0.030649433,2,1,2,1,2,Bad
102,com,google,javascript,jscomp,Normalize.java,,,,529,221,27.6,137,28.4,5,4.6,7.52,15,7,3.32,3.65,778,1,777,1,0,0,0,1,7.52,0.550947972,1,0.035648148,0.019640275,2,1,1,2,2,Bad
103,com,google,javascript,jscomp,ControlFlowAnalysis.java,,,,996,491,45.2,303,27.4,3,13,10.56,28,7,2.94,5.05,1488,3,1485,0,4,0,0,4,10.56,0.243192075,0.99951988,0.132359868,0.032173416,3,3,5,4,2,Bad
103,com,google,javascript,jscomp,DisambiguateProperties.java,,,,991,448,25.2,278,21.4,8,8.25,4.32,62,7,3.12,4.22,4350,1,4349,0,4,0,0,4,4.32,0.41351549,0.999835757,0.310063463,0.128194986,3,3,5,4,2,Bad
104,com,google,javascript,rhino,jstype,UnionType.java,,,498,199,30.2,91,27.5,1,30,5.3,11,5,2.28,3.13,106,1,105,1,0,0,0,1,5.3,0.490574562,0.998884707,0.667963684,0.327320526,1,1,2,2,2,Bad
105,com,google,javascript,jscomp,FoldConstants.java,,,,2025,1091,37.8,733,18.4,3,15.33,22.93,86,9,4.69,9.8,1209,4,1205,4,17,0,0,21,4646.93,0.351696128,1,0.121912351,0.042876102,5,1,7,4,2,Bad
106,com,google,javascript,jscomp,GlobalNamespace.java,,,,1068,519,37.6,174,28.2,7,7,8.53,33,9,3.87,3.98,115,1,114,1,1,0,0,2,9.53,0.378841743,0.999665017,0.280688038,0.106300724,3,4,4,3,2,Bad
107,com,google,javascript,jscomp,CommandLineRunner.java,,,,1000,383,13.3,191,13.7,9,3,6.67,13,6,2.35,2.7,115,1,114,0,2,0,0,2,6.67,0.46967007,0.999683247,0.233244563,0.10951329,1,1,1,2,2,Bad
108,com,google,javascript,jscomp,ScopedAliases.java,,,,614,279,22.2,204,18.1,6,4.33,7.81,19,7,3.23,4.12,452,1,451,1,0,0,0,1,7.81,0.46967007,0.999683247,0.233244563,0.10951329,4,1,4,3,11,Bad
109,com,google,javascript,jscomp,parsing,JsDocInfoParser.java,,,2583,1282,38.8,795,16.7,6,12.67,15.21,184,9,3.94,6.74,6099,2,6097,0,1,0,0,1,15.21,0.538614985,0,0.000164015,0,1,2,5,4,2,Bad
110,com,google,javascript,jscomp,ScopedAliases.java,,,,604,275,22.5,200,17.9,6,4.33,7.69,18,7,3.22,4.08,8112,2,8110,0,0,0,0,0,7.69,0.328744389,0.999946356,0.535387363,0.17599615,12,2,12,8,2,Bad
111,com,google,javascript,jscomp,type,ClosureReverseAbstractInterpreter.java,,,267,115,12.2,63,14.6,15,1.47,3.41,11,6,2.33,2.41,2498,1,2497,0,0,0,0,0,3.41,0.504216626,0.999929827,0.388633226,0.195941583,1,1,3,2,2,Bad
112,com,google,javascript,jscomp,TypeInference.java,,,,1612,790,32.4,521,18,4,14,12.02,30,9,2.88,5.5,3222,2,3220,1,11,1,0,13,496.02,0.504216626,0.999929827,0.388633226,0.195941583,1,2,6,1,2,Bad
113,com,google,javascript,jscomp,ProcessClosurePrimitives.java,,,,1233,544,25.6,434,21.2,4,11,10.16,30,9,3.14,4.86,2642,1,2641,1,8,0,0,9,74.16,0.44816479,0.999858188,0.361941252,0.162186322,1,1,2,2,2,Bad
114,com,google,javascript,jscomp,NameAnalyzer.java,,,,1887,807,30.7,525,28.4,21,3.38,9.15,27,7,3.14,4.6,638,1,637,1,5,0,0,6,34.15,0.429200528,0.999727628,0.220183486,0.094477129,1,1,2,2,2,Bad
115,com,google,javascript,jscomp,FunctionInjector.java,,,,936,330,26.4,159,34.1,5,7.2,7.58,15,6,2.61,4.09,693,7,686,1,13,0,0,14,176.58,0.379409578,0.99976929,0.242201835,0.091872495,2,7,5,2,2,Bad
116,com,google,javascript,jscomp,FunctionInjector.java,,,,950,338,26.6,165,33.7,5,7.2,7.81,19,6,2.63,4.2,696,8,688,1,11,0,0,12,128.81,0.38422763,0.999787916,0.231589958,0.088964389,2,8,5,3,2,Bad
117,com,google,javascript,jscomp,TypeValidator.java,,,,849,283,24,235,31.1,2,19,5.11,19,6,2.24,3.87,7149,1,7148,1,10,0,0,11,105.11,0.358452991,0.999942195,0.48074706,0.17231526,3,1,9,1,6,Bad
118,com,google,javascript,jscomp,DisambiguateProperties.java,,,,1136,509,27.1,341,20.2,9,7.56,4.99,84,8,3.25,5.04,7142,2,7140,0,9,0,0,9,4.99,0.345081138,0.999949965,0.478476821,0.165105064,1,2,2,1,6,Bad
119,com,google,javascript,jscomp,GlobalNamespace.java,,,,1360,660,34.8,206,23.9,8,9.88,6.42,39,9,3.77,3.16,912,1,911,2,12,1,0,15,1302.42,0.411214995,0.999750648,0.273836421,0.112577564,1,1,1,2,2,Bad
120,com,google,javascript,jscomp,ReferenceCollectingCallback.java,,,,727,282,19.9,139,29.3,8,6.88,3.25,16,6,2.57,2.64,7134,1,7133,1,2,0,1,4,12.25,0.353409347,0,0.00014043,0,1,1,3,1,2,Bad
121,com,google,javascript,jscomp,InlineVariables.java,,,,735,286,26.6,225,29.1,6,4.67,8.11,22,7,3.33,4.57,461,1,460,0,12,0,0,12,8.11,0.434436571,0.999781184,0.226656991,0.098446539,2,1,2,2,2,Bad
122,com,google,javascript,jscomp,parsing,IRFactory.java,,,1526,853,36.2,463,10,2,44.5,7.67,88,6,2.89,3.47,7167,3,7164,4,0,0,0,4,7.67,0.55020373,0.999904554,0.583207262,0.320852184,1,3,5,2,2,Bad
123,com,google,javascript,jscomp,CodeGenerator.java,,,,1306,773,37,501,14.6,2,17,21.06,132,9,3.83,8.26,4492,1,4491,0,46,0,1,47,21.06,0.331819408,0.999899974,0.426385063,0.141468687,1,1,3,4,6,Bad
124,com,google,javascript,jscomp,ExploitAssigns.java,,,,246,95,46.3,59,36.6,1,6,14,17,8,3.58,7.17,316,1,315,1,0,0,0,1,14,0.459829256,0.999755805,0.214964965,0.098823042,2,1,2,2,2,Bad
125,com,google,javascript,jscomp,TypeCheck.java,,,,2119,946,39,667,19,2,22,18.52,72,7,3.04,8.32,7061,1,7060,2,8,0,0,10,274.52,0.361030092,0.999941749,0.481809701,0.173937668,1,1,2,2,11,Bad
126,com,google,javascript,jscomp,MinimizeExitPoints.java,,,,308,117,35,77,37.7,1,7,14.43,16,5,2.87,6.43,318,2,316,1,22,0,0,23,498.43,0.460954989,0.999738798,0.219525207,0.101164808,1,2,4,1,2,Bad
127,com,google,javascript,jscomp,UnreachableCodeElimination.java,,,,259,111,29.7,63,31.7,3,3.33,8.1,13,7,3.07,5.2,336,6,330,0,11,0,0,11,8.1,0.460029229,0.99978028,0.230849948,0.10617439,2,6,5,4,2,Good
128,com,google,javascript,jscomp,CodeGenerator.java,,,,1290,763,37.2,493,14.7,2,17,20.82,128,9,3.82,8.15,4283,1,4282,1,0,1,0,2,20.82,0.332155508,0.999904351,0.420097245,0.139524267,2,1,3,2,6,Bad
129,com,google,javascript,jscomp,PrepareAst.java,,,,220,79,30.4,54,30.9,2,6.5,4.38,9,6,2.9,3.15,6782,1,6781,1,5,0,0,6,29.38,0.298989202,0.999957691,0.470003681,0.14052008,1,1,3,2,2,Bad
130,com,google,javascript,jscomp,CollapseProperties.java,,,,969,349,27.2,260,33.7,2,12,12.21,16,7,2.66,6.46,577,1,576,0,6,1,0,7,48.21,0.440136317,0.999794686,0.225694444,0.099315926,1,1,1,2,2,Bad
131,com,google,javascript,rhino,TokenStream.java,,,,208,301,35.2,51,25,1,2,148.5,63,9,6.4,35,2987,2,2985,2,0,0,0,2,148.5,0.363916563,0.99987771,0.369028449,0.134279142,2,2,2,2,2,Bad
132,com,google,javascript,jscomp,PeepholeSubstituteAlternateSyntax.java,,,,1727,831,32.9,602,24.3,4,13,14.62,43,9,3.72,6.96,396,1,395,1,22,0,0,23,498.62,0.424238456,0.999807235,0.237983281,0.100942198,1,1,2,2,2,Bad
133,com,google,javascript,jscomp,parsing,JsDocInfoParser.java,,,2453,1231,34.5,727,16.8,6,11.17,16.63,148,9,5.13,6.4,5493,1,5492,1,0,0,1,2,17.63,0.549238332,0.999857463,0.574651626,0.315575713,1,1,1,2,11,Bad
1,org,apache,commons,lang3,math,NumberUtils.java,,,1436,459,32.5,143,51.5,1,48,8.06,65,7,2.61,4.96,88,1,87,1,2,0,0,3,12.06,0,0.987017202,0.213675214,0,3,1,6,4,19,Bad
2,org,apache,commons,lang3,LocaleUtils.java,,,,325,116,26.7,96,45.2,2,4.5,9.78,23,5,2.51,5.11,14,1,13,0,0,0,0,0,9.78,0.019798767,0.813186813,0.8,0.012880077,1,1,4,1,2,Bad
3,org,apache,commons,lang3,math,NumberUtils.java,,,1427,453,32.2,141,51.6,1,48,7.94,58,7,2.6,4.81,87,1,86,1,3,0,0,4,16.94,0.614285714,0.987345987,0.213675214,0.129596696,4,1,1,2,2,Bad
4,org,apache,commons,lang3,text,translate,LookupTranslator.java,,85,32,21.9,10,42.4,1,1,10,4,5,2.28,4,31,1,30,1,0,0,0,1,10,0.019504712,0.696551724,0.888888889,0.012076481,4,1,5,2,2,Bad
5,org,apache,commons,lang3,LocaleUtils.java,,,,322,114,26.3,96,45.3,2,4.5,9.56,22,5,2.51,5,13,1,12,1,0,0,0,1,9.56,0.940740741,0.846153846,0.8,0.636809117,2,1,6,3,9,Bad
6,org,apache,commons,lang3,text,translate,CharSequenceTranslator.java,,125,38,18.4,19,52.8,1,4,6.75,6,4,2.03,2.75,130,1,129,1,1,0,0,2,7.75,0.615384615,0.99594514,0.273913043,0.167878378,1,1,2,3,24,Bad
7,org,apache,commons,lang3,math,NumberUtils.java,,,1422,460,35.2,144,49.7,1,47,8.3,59,7,2.68,5.26,82,1,81,2,8,0,1,11,332.3,0.018595318,0.98630137,0.197580645,0.003623745,3,1,6,3,2,Bad
8,org,apache,commons,lang3,time,FastDatePrinter.java,,,1250,457,24.1,182,40.4,17,4.41,4.19,68,6,2.88,4.14,103,2,101,2,1,0,0,3,8.19,0.014803358,0.95959596,0.551515152,0.007834407,3,2,5,3,2,Bad
9,org,apache,commons,lang3,time,FastDateParser.java,,,870,384,29.7,185,32.2,7,7.14,5.3,37,7,2.56,3.6,115,2,113,1,2,0,2,5,21.3,0.369575758,0.967403767,0.547058824,0.195589383,1,2,4,1,2,Bad
10,org,apache,commons,lang3,time,FastDateParser.java,,,867,382,29.6,181,32.3,7,7.14,5.26,36,7,2.56,3.56,113,2,111,1,0,0,0,1,5.26,0.33736089,0.966190962,0.547058824,0.178316582,2,2,4,1,2,Bad
11,org,apache,commons,lang3,RandomStringUtils.java,,,,335,79,31.6,25,61.8,1,12,5.25,35,6,2.95,4,6,1,5,1,0,0,0,1,5.25,0.339665407,1,0.583333333,0.198138154,1,1,4,2,2,Bad
12,org,apache,commons,lang3,RandomStringUtils.java,,,,331,76,30.3,24,62.5,1,12,5,33,6,2.95,3.83,5,2,3,3,0,0,0,3,5,0.694444444,1,0.5,0.347222222,3,2,5,3,1,Bad
13,org,apache,commons,lang3,SerializationUtils.java,,,,293,103,18.4,44,50.5,2,4,9.88,6,5,2.44,3.38,35,1,34,1,0,0,0,1,9.88,0.7,0.92605042,0.833333333,0.540196078,4,1,8,4,22,Bad
14,org,apache,commons,lang3,StringUtils.java,,,,6591,1484,30.7,648,64.3,2,83,7.67,36,7,2.53,4.48,313,1,312,0,0,0,0,0,7.67,0.471428571,0.970378167,0.902857143,0.413024634,2,1,3,1,2,Bad
15,org,apache,commons,lang3,reflect,TypeUtils.java,,,1101,321,34.6,164,40.9,1,24,10.04,15,6,2.51,5.71,10,2,8,1,4,0,0,5,26.04,0.023059061,0.955555556,0.037940379,0.000835986,2,2,4,2,2,Good
16,org,apache,commons,lang3,math,NumberUtils.java,,,1413,455,35.2,139,49.7,1,47,8.19,58,7,2.67,5.21,82,1,81,0,0,0,0,0,8.19,0.074796748,0.98630137,0.210300429,0.015514312,1,1,2,2,19,Bad
17,org,apache,commons,lang3,text,translate,CharSequenceTranslator.java,,125,38,18.4,19,52.8,1,4,6.75,6,4,2.03,2.75,36,1,35,1,1,0,0,2,7.75,0.014227762,0.979365079,0.142307692,0.00198294,6,1,6,4,6,Bad
18,org,apache,commons,lang3,time,FastDateFormat.java,,,1519,496,22.2,198,48.6,17,5.53,3.54,70,6,2.77,3.57,48,1,47,0,3,1,2,6,28.54,0.056410256,0.814492754,0.347826087,0.015981129,2,1,3,2,6,Bad
19,org,apache,commons,lang3,text,translate,NumericEntityUnescaper.java,,90,36,25,23,34.4,1,1,31,19,5,3.03,19,23,2,21,1,0,0,0,1,31,0.319470699,0.831168831,0.777777778,0.206526513,5,2,9,5,24,Bad
20,org,apache,commons,lang3,StringUtils.java,,,,6564,1484,30.9,648,64.2,1,165,7.73,36,7,2.52,4.49,235,2,233,2,1,0,0,3,11.73,0.848484848,0.986761229,0.921212121,0.771286647,2,2,4,3,18,Bad
21,org,apache,commons,lang3,time,DateUtils.java,,,1871,438,29.2,210,63.9,2,30.5,5.7,36,8,2.66,2.92,109,1,108,0,0,0,0,0,5.7,0.024964539,0.967730559,0.836065574,0.020198464,1,1,3,4,2,Bad
22,org,apache,commons,lang3,math,Fraction.java,,,964,321,24.9,148,50.8,1,34,7.82,18,5,2.28,3.97,25,2,23,0,0,0,0,0,7.82,0.131147541,1,0.764705882,0.100289296,2,2,5,4,2,Bad
23,org,apache,commons,lang3,text,ExtendedMessageFormat.java,,,536,233,26.6,140,36.6,1,21,9.05,12,7,2.91,3.67,8,1,7,0,0,0,0,0,9.05,0.374117647,0.857142857,0.076923077,0.024667098,3,1,6,3,2,Unknown
24,org,apache,commons,lang3,math,NumberUtils.java,,,1423,456,35.3,137,49.3,1,47,8.21,56,7,2.69,5.17,57,1,56,0,0,0,0,0,8.21,0.225961538,1,0.227488152,0.051403573,1,1,1,2,2,Bad
25,org,apache,commons,lang3,text,translate,EntityArrays.java,,380,38,2.6,16,85.5,1,11,1.36,2,3,1.39,1.09,23,1,22,0,0,0,0,0,1.36,0.017377567,0.9,0.416666667,0.006516588,1,1,1,2,2,Unknown
26,org,apache,commons,lang3,time,FastDateFormat.java,,,1757,618,22.7,247,45,18,5.5,4.41,96,6,2.76,4.35,47,1,46,1,1,0,0,2,5.41,0.866666667,0.805050505,0.4375,0.305248316,1,1,1,3,6,Bad
27,org,apache,commons,lang3,math,NumberUtils.java,,,1423,456,35.3,137,49.3,1,47,8.21,56,7,2.69,5.15,57,1,56,2,8,0,1,11,332.21,0.400925926,1,0.211206897,0.084678321,2,1,4,2,24,Bad
28,org,apache,commons,lang3,text,translate,NumericEntityUnescaper.java,,74,31,25.8,14,36.5,1,1,26,11,5,2.94,11,20,1,19,0,0,0,0,0,26,0.018318966,0.789473684,0.777777778,0.011248488,2,1,3,1,6,Bad
29,org,apache,commons,lang3,SystemUtils.java,,,,1824,175,10.3,115,81.9,1,24,2.92,6,5,1.54,1.96,423,1,422,0,0,0,0,0,2.92,0.783625731,0.985871202,0.67699115,0.523012249,1,1,1,1,2,Bad
30,org,apache,commons,lang3,StringUtils.java,,,,6190,1386,31.3,606,64.1,1,158,7.71,36,7,2.55,4.48,413,10,403,1,1,0,0,2,8.71,0.026008559,0.994808511,0.794444444,0.020555087,20,10,11,8,2,Good
31,org,apache,commons,lang3,StringUtils.java,,,,6142,1352,31.1,594,64.5,1,158,7.49,36,7,2.5,4.36,402,2,400,0,0,0,0,0,7.49,0.010786052,0.994731296,0.794444444,0.008523772,4,2,4,3,2,Good
32,org,apache,commons,lang3,builder,HashCodeBuilder.java,,,991,202,26.2,74,66.2,1,36,4.28,14,6,2.36,2.67,45,1,44,0,0,0,0,0,4.28,0.010715373,0.988888889,0.127572016,0.001351793,4,1,7,5,2,Bad
33,org,apache,commons,lang3,ClassUtils.java,,,,1052,304,29.3,190,50.1,1,28,6.61,34,6,2.41,4.21,113,1,112,0,0,0,0,0,6.61,0.050297211,0.946517778,0.142857143,0.006801029,1,1,1,3,18,Bad
34,org,apache,commons,lang3,builder,ToStringStyle.java,,,2278,592,20.8,261,53.1,6,20.33,3.46,41,6,2.26,2.1,152,27,125,0,1,1,0,2,4.46,0.022780196,0.990240502,0.430962343,0.009721594,2,27,3,3,2,Good
35,org,apache,commons,lang3,ArrayUtils.java,,,,4485,1156,26.1,301,60,1,175,5.44,10,5,2.17,3.27,331,1,330,0,0,0,0,0,5.44,0.245595684,0.982149697,0.851428571,0.205374556,2,1,4,1,5,Bad
36,org,apache,commons,lang3,math,NumberUtils.java,,,1416,454,35.2,134,49.3,1,47,8.17,54,7,2.68,5.11,65,2,63,1,1,0,0,2,9.17,0.023306301,0.999183673,0.223744292,0.005210395,2,2,3,2,19,Good
37,org,apache,commons,lang3,ArrayUtils.java,,,,4419,1145,26.1,300,59.7,1,174,5.39,10,5,2.16,3.26,314,1,313,1,0,0,0,1,5.39,0.020456621,0.988912403,0.850574713,0.017206962,3,1,7,2,3,Bad
38,org,apache,commons,lang3,time,FastDateFormat.java,,,1757,618,22.7,247,45,18,5.5,4.41,96,6,2.76,4.35,45,1,44,0,1,1,0,2,5.41,0.023373481,0.787375415,0.338709677,0.006233513,1,1,1,2,6,Bad
39,org,apache,commons,lang3,StringUtils.java,,,,5840,1287,31,567,64.5,1,151,7.46,36,7,2.5,4.36,198,1,197,1,0,0,0,1,7.46,0.316954239,0.982361688,0.927152318,0.288681577,1,1,1,3,18,Bad
40,org,apache,commons,lang,StringUtils.java,,,,5774,1259,30.8,549,64.8,1,150,7.33,34,7,2.48,4.3,196,1,195,0,0,0,0,0,7.33,0.027092113,0.982365254,0.926666667,0.024662632,1,1,7,2,2,Bad
41,org,apache,commons,lang,ClassUtils.java,,,,1037,304,29.3,188,49.4,1,28,6.61,34,6,2.41,4.18,78,2,76,1,0,0,0,1,6.61,0.027346939,0.93972694,0.916666667,0.0235571,8,2,8,3,6,Bad
42,org,apache,commons,lang,Entities.java,,,,995,252,19,111,60.2,9,4,4.83,17,11,3.09,2.35,54,1,53,1,1,0,0,2,5.83,0.143162393,0.995121951,0.463157895,0.065983345,2,1,6,3,6,Bad
43,org,apache,commons,lang,text,ExtendedMessageFormat.java,,,475,211,26.5,132,36.8,1,19,9.05,12,7,3,3.63,7,1,6,0,0,0,0,0,9.05,0.220795892,0.80952381,0.136363636,0.024373573,1,1,1,2,20,Bad
44,org,apache,commons,lang,NumberUtils.java,,,,715,240,37.9,76,48.4,1,19,11.42,55,7,3.07,7.53,20,1,19,0,0,0,0,0,11.42,0.307359307,1,0.947368421,0.291182502,1,1,4,1,24,Bad
45,org,apache,commons,lang,WordUtils.java,,,,647,163,29.4,89,62.6,1,14,10.5,12,6,2.75,5.36,81,1,80,0,0,0,0,0,10.5,0.205263158,0.999691358,0.514124294,0.105498205,1,1,3,2,24,Bad
46,org,apache,commons,lang,StringEscapeUtils.java,,,,865,273,35.5,120,55.1,1,25,9.52,24,7,3.4,3.96,19,1,18,0,0,0,0,0,9.52,0.029434331,0.964912281,0.404761905,0.011495864,9,1,5,1,6,Bad
47,org,apache,commons,lang,text,StrBuilder.java,,,2718,856,22.9,298,49.6,4,38,4.5,11,6,2.32,2.64,206,2,204,1,2,0,0,3,8.5,0.130325815,0.996957404,0.721991701,0.093807866,2,2,2,3,18,Bad
48,org,apache,commons,lang,builder,EqualsBuilder.java,,,847,267,30.7,80,51.5,1,29,7.86,18,5,2.28,4.76,63,1,62,0,0,0,0,0,7.86,0.13208852,0.986687148,0.931034483,0.121341766,2,1,3,1,2,Bad
49,org,apache,commons,lang,math,Fraction.java,,,946,318,24.5,145,51.2,1,34,7.74,14,5,2.27,3.85,25,1,24,0,0,0,0,0,7.74,0.375478927,1,0.764705882,0.287130944,1,1,4,2,2,Bad
50,org,apache,commons,lang,time,FastDateFormat.java,,,1747,618,22.7,252,45,18,5.5,4.4,96,6,2.76,4.35,21,2,19,3,4,0,0,7,148.4,0.371764706,0.984210526,0.395833333,0.144833333,6,2,8,5,2,Good
51,org,apache,commons,lang,BooleanUtils.java,,,,973,206,32.5,73,65.6,1,37,4.49,23,6,2.44,3.32,52,1,51,0,0,0,0,0,4.49,0.539583333,0.965309201,1,0.520864756,1,1,1,1,24,Bad
52,org,apache,commons,lang,StringEscapeUtils.java,,,,691,223,37.7,92,54.8,1,21,9.33,23,7,3.61,3.86,14,1,13,2,0,0,0,2,9.33,0.065488565,0.934065934,0.315789474,0.019317044,1,1,2,1,6,Bad
53,org,apache,commons,lang,time,DateUtils.java,,,990,287,29.3,139,55.1,2,15,7.57,32,8,2.74,4.07,22,1,21,1,0,0,0,1,7.57,0.161654135,1,0.833333333,0.134711779,4,1,0,3,2,Bad
54,org,apache,commons,lang,LocaleUtils.java,,,,294,100,26,74,50.3,1,9,8.22,20,6,2.5,5.11,12,1,11,1,0,0,0,1,8.22,0.173333333,0.878787879,0.777777778,0.118473625,1,1,4,2,9,Bad
55,org,apache,commons,lang,time,StopWatch.java,,,265,70,17.1,18,57,1,12,3.83,5,3,1.8,2.17,6,1,5,2,1,0,0,3,7.83,0.685185185,1,0.75,0.513888889,2,1,1,1,2,Bad
56,org,apache,commons,lang,time,FastDateFormat.java,,,1744,620,22.9,252,44.7,18,5.5,4.42,98,6,2.77,4.41,19,1,18,0,0,0,0,0,4.42,1,0.980392157,0.262295082,0.257152041,3,1,4,2,22,Unknown
57,org,apache,commons,lang,LocaleUtils.java,,,,291,98,25.5,71,50.9,1,9,8,19,6,2.48,5,11,11,0,1,0,0,0,1,8,0.410746812,0,0.08,0,1,11,3,2,18,Good
58,org,apache,commons,lang,math,NumberUtils.java,,,1626,520,36.5,134,48.6,1,53,8.38,53,7,2.62,5.28,74,1,73,0,0,0,0,0,8.38,0.08,0.967404427,0.282722513,0.021880561,1,1,1,1,19,Bad
59,org,apache,commons,lang,text,StrBuilder.java,,,2364,790,23.3,270,47.2,4,32.5,4.92,11,6,2.34,2.79,182,1,181,0,0,0,0,0,4.92,0.016075511,0.995750106,0.711340206,0.011386559,1,1,2,3,1,Bad
60,org,apache,commons,lang,text,StrBuilder.java,,,2364,790,23.3,270,47.2,4,32.5,4.92,11,6,2.34,2.79,185,1,184,0,0,0,0,0,4.92,0.146199162,0.996216898,0.71559633,0.104223797,2,1,2,2,2,Bad
61,org,apache,commons,lang,text,StrBuilder.java,,,2364,790,23.3,270,47.2,4,32.5,4.92,11,6,2.34,2.79,184,2,182,0,0,0,0,0,4.92,0.153506793,0.996175096,0.71559633,0.109428736,1,2,2,4,2,Bad
62,org,apache,commons,lang,Entities.java,,,,955,287,22.3,135,54,9,3.78,6.24,20,11,3.38,2.97,42,1,41,0,0,0,0,0,6.24,0.153896562,0.997536946,0.530612245,0.081458269,4,1,2,3,6,Bad
63,org,apache,commons,lang,time,DurationFormatUtils.java,,,618,275,28,138,37.7,2,10,11.9,21,6,3.17,4.85,12,1,11,0,0,1,0,1,11.9,0.488388459,0.939393939,0.094339623,0.043281996,4,1,8,4,6,Bad
64,org,apache,commons,lang,enums,ValuedEnum.java,,,231,45,22.2,23,68.8,1,6,5,4,4,1.84,2.67,73,1,72,1,0,0,0,1,5,0.131027254,0.960651289,0.127071823,0.015994721,5,1,9,4,2,Bad
65,org,apache,commons,lang,time,DateUtils.java,,,989,287,29.3,139,55,2,15,7.57,32,8,2.75,4.07,21,1,20,1,0,0,0,1,7.57,0.045023501,1,0.8,0.036018801,8,1,5,4,2,Bad
1,org,joda,time,field,UnsupportedDurationField.java,,,,279,75,8,26,50.5,1,25,1.64,4,4,1.61,1.24,3946,1,3945,1,9,0,0,10,82.64,0.111188201,0.998117648,0.662639405,0.073538996,3,1,7,4,2,Bad
2,org,joda,time,field,UnsupportedDurationField.java,,,,282,77,9.1,27,50,1,25,1.72,4,4,1.64,1.28,3946,1,3945,1,5,0,0,6,26.72,0.080856989,0.998998157,0.682408501,0.055122218,3,1,5,4,9,Bad
3,org,joda,time,MutableDateTime.java,,,,,1486,327,11.6,252,58.8,2,51.5,1.9,8,4,1.9,1.35,1307,5,1302,0,0,0,0,0,1.9,0.11021428,0.999350886,0.47817715,0.052667741,20,5,1,2,6,Good
4,org,joda,time,Partial.java,,,,,998,306,17.3,192,53.3,2,22.5,5.31,19,7,2.48,2.24,770,1,769,2,8,0,0,10,261.31,0.077173439,0.999341261,0.325207216,0.025080826,1,1,4,3,2,Bad
5,org,joda,time,Period.java,,,,,1646,358,7.8,328,67.1,1,86,3.03,8,4,1.84,1.37,1887,3,1884,3,13,0,0,16,1524.03,0.104047603,0.998113169,0.464646465,0.048254131,2,3,12,4,27,Bad
6,org,joda,time,chrono,GJChronology.java,,,,1141,481,23.3,297,25.5,4,18.5,4.95,11,8,2.91,2.55,2600,5,2595,0,0,0,0,0,4.95,0.090113841,0.998509026,0.535529716,0.048186687,3,5,7,4,2,Good
7,org,joda,time,format,DateTimeFormatter.java,,,,953,269,13.8,143,56.9,1,45,4.42,8,5,2.07,2.02,2703,2,2701,2,11,0,0,13,488.42,0.086434426,0.99932755,0.63598759,0.054934257,2,2,4,3,10,Bad
8,org,joda,time,DateTimeZone.java,,,,,1327,442,20.6,201,50,3,16,7.25,12,8,2.4,3.15,3883,1,3882,2,2,0,0,4,23.25,0.094297151,0.997483795,0.582278481,0.054769044,3,1,6,5,9,Bad
9,org,joda,time,DateTimeZone.java,,,,,1306,440,20.5,199,49.5,3,16,7.21,11,8,2.4,3.1,3883,1,3882,1,3,0,0,4,16.21,0.094306832,0.997484356,0.582278481,0.054774698,5,1,5,2,2,Bad
10,org,joda,time,base,BaseSingleFieldPeriod.java,,,,346,103,17.5,59,52.3,1,16,4.19,7,5,1.77,2.25,371,2,369,0,0,0,0,0,4.19,0.048733032,0.983827493,0.212274775,0.010177492,2,2,3,2,10,Bad
11,org,joda,time,tz,ZoneInfoCompiler.java,,,,849,471,24.2,281,11.5,5,7,10.74,20,9,3.15,4.32,8,1,7,0,0,0,0,0,10.74,0.229471545,0.892857143,0.025203252,0.005163776,1,1,5,2,2,Unknown
12,org,joda,time,LocalDate.java,,,,,2108,459,14.8,385,63,2,57.5,2.6,6,4,1.92,1.55,1674,8,1666,2,1,0,0,3,6.6,0.083369202,0.99934544,0.48244099,0.040194393,8,8,8,4,2,Good
13,org,joda,time,format,PeriodFormatterBuilder.java,,,,1872,882,30.3,298,27.9,9,11.33,6.93,50,9,3.18,4.17,971,1,970,1,4,0,0,5,22.93,0.102501855,0.995937701,0.376633359,0.03844879,3,1,6,3,6,Bad
14,org,joda,time,chrono,BasicMonthOfYearDateTimeField.java,,,,366,146,16.4,67,36.3,1,18,6.33,9,4,2.05,2.5,3816,8,3808,0,0,0,0,0,6.33,0.076891397,0.999098924,0.697223677,0.053562195,2,8,5,2,10,Good
15,org,joda,time,field,FieldUtils.java,,,,330,91,29.7,28,50,1,16,4.38,10,5,2.09,3.38,2725,1,2724,0,0,0,0,0,4.38,0.159724938,0.940636028,0.6,0.090145819,1,1,3,1,2,Bad
16,org,joda,time,format,DateTimeFormatter.java,,,,949,268,13.8,142,56.8,1,45,4.4,8,5,2.07,2.02,2596,7,2589,0,0,0,0,0,4.4,0.087391478,0.999334115,0.630977131,0.055105306,1,7,3,3,2,Bad
17,org,joda,time,DateTimeZone.java,,,,,1301,436,20.2,202,49.6,3,16,7.13,11,8,2.4,3.02,3800,1,3799,0,0,0,1,1,7.13,0.104261201,0.998949307,0.689166667,0.071777848,5,1,11,6,2,Bad
18,org,joda,time,chrono,GJChronology.java,,,,1104,455,22.2,273,26.1,4,18.5,4.61,10,6,2.74,2.39,2485,1,2484,0,0,0,0,0,4.61,0.101751835,0.998375823,0.521212121,0.052948153,2,1,5,3,10,Bad
19,org,joda,time,DateTimeZone.java,,,,,1278,425,20,203,49.8,3,16,6.9,11,8,2.4,2.94,3790,1,3789,1,1,0,0,2,7.9,0.090563187,0.999120315,0.703777336,0.063680251,1,1,1,2,6,Bad
20,org,joda,time,format,DateTimeFormatterBuilder.java,,,,2829,1287,26,477,26.1,15,11.87,5.81,38,7,3.29,2.98,2575,1,2574,1,1,0,0,2,6.81,0.106157674,0.999262653,0.610259827,0.064735995,3,1,7,4,9,Bad
21,org,joda,time,tz,DefaultNameProvider.java,,,,101,44,22.7,22,27.7,1,5,6,18,5,2.23,4.4,3783,2,3781,3,2,0,1,6,87,0.115464687,0.998660977,0.641434263,0.073963835,5,2,8,5,6,Bad
22,org,joda,time,base,BasePeriod.java,,,,625,211,14.2,132,49.9,1,32,4.94,11,5,2,2.16,1814,2,1812,1,1,0,0,2,5.94,0.09753227,0.998753967,0.474603175,0.046231447,2,2,4,3,2,Bad
23,org,joda,time,DateTimeZone.java,,,,,1278,425,20,203,49.8,3,16,6.9,11,8,2.4,2.94,3572,1,3571,0,0,0,0,0,6.9,0.144089444,0.990331239,0.54109589,0.077212369,8,1,3,2,6,Bad
24,org,joda,time,format,DateTimeParserBucket.java,,,,510,189,15.3,52,42.2,3,9.33,4.57,14,5,2.23,2.32,1038,7,1031,1,6,0,0,7,40.57,0.094934943,0.999472318,0.427123552,0.040527553,1,7,4,1,2,Bad
25,org,joda,time,DateTimeZone.java,,,,,1259,417,20.1,198,49.7,3,15.67,6.89,11,8,2.41,2.96,3729,3,3726,2,2,0,0,4,22.89,0.085348874,0.99907438,0.702830189,0.059930241,1,3,6,3,6,Bad
26,org,joda,time,chrono,ZonedChronology.java,,,,602,306,9.5,198,13.5,3,20.67,4.65,33,5,3.34,2.06,3763,8,3755,0,0,0,0,0,4.65,0.077322021,0.999210733,0.710526316,0.054895969,7,8,3,2,6,Good
27,org,joda,time,format,PeriodFormatterBuilder.java,,,,1868,879,30.3,295,28,9,11.33,6.9,50,9,3.18,4.14,738,1,737,2,6,0,0,8,150.9,0.083601167,0.995656884,0.326822917,0.027204111,2,1,1,2,9,Bad
1,org,jfree,chart,renderer,category,AbstractCategoryItemRenderer.java,,,1994,635,20.8,363,42.7,1,66,7.47,22,6,2.28,3.05,428,1,427,1,2,0,1,4,7.47,0.147796894,0.997105772,0.322632424,0.047546061,1,1,1,2,2,Bad
2,org,jfree,data,general,DatasetUtilities.java,,,,2180,897,32.9,431,34,1,52,15.67,41,8,3.31,7.04,349,2,347,1,4,0,0,5,15.67,0.153865413,0.987797648,0.393203883,0.05976223,8,1,4,3,18,Bad
3,org,jfree,data,time,TimeSeries.java,,,,1302,437,22.4,237,47.2,1,54,6.61,13,5,2.33,2.87,49,1,48,0,0,0,0,0,6.61,0.412401026,0.99744898,0.338797814,0.139364136,1,1,1,2,2,Bad
4,org,jfree,chart,plot,XYPlot.java,,,,5866,1965,23.8,1128,43.7,1,229,7.01,56,8,2.48,3.19,425,22,403,0,0,0,0,0,7.01,0.06791541,0.998420221,0.195058518,0.013226551,2,22,1,2,18,Unknown
5,org,jfree,data,xy,XYSeries.java,,,,737,211,22.7,107,52.4,1,34,4.79,16,6,2.32,2.5,126,1,125,1,4,0,0,5,4.79,0.505866115,0.954412698,0.594202899,0.286884156,2,1,4,2,12,Bad
6,org,jfree,chart,util,ShapeList.java,,,,179,45,20,21,53.6,1,8,3.88,5,4,1.96,2.13,479,2,477,2,1,0,0,3,3.88,0.289324983,0.943029848,0.44,0.120050521,1,2,8,2,2,Good
7,org,jfree,data,time,TimePeriodValues.java,,,,573,181,17.7,84,46.2,1,27,4.93,19,5,2.03,2.19,15,1,14,0,3,1,1,5,4.93,0.474074074,1,0.264957265,0.12560937,2,1,3,3,2,Bad
8,org,jfree,data,time,Week.java,,,,647,200,20.5,84,47.4,1,25,6.44,10,7,2.39,2.84,23,1,22,0,0,0,0,0,6.44,0.362732919,0.913043478,0.428571429,0.141938968,1,1,2,3,2,Bad
9,org,jfree,data,time,TimeSeries.java,,,,1039,332,20.8,188,47.4,1,44,6.02,12,5,2.27,2.68,32,1,31,0,0,0,0,0,6.02,0.337614155,0.997983871,0.264840183,0.089233525,1,1,1,2,9,Bad
10,org,jfree,chart,imagemap,StandardToolTipTagFragmentGenerator.java,,,,69,6,0,2,76.8,1,2,1,1,2,1,1,1,1,0,0,0,0,0,0,1,0.363636364,0,0.181818182,0,1,1,2,2,6,Bad
11,org,jfree,chart,util,ShapeUtilities.java,,,,597,226,17.3,140,43.6,1,21,9.05,12,4,2.05,3.33,264,1,263,0,0,0,0,0,9.05,0.203463203,0.88247494,0.523809524,0.094050617,1,1,2,3,2,Bad
12,org,jfree,chart,plot,MultiplePiePlot.java,,,,619,242,18.6,109,37,1,21,8.52,19,6,2.26,3.24,200,1,199,2,8,0,1,11,8.52,0.168701282,0.9862219,0.18240621,0.03034818,1,1,3,3,2,Bad
13,org,jfree,chart,block,BorderArrangement.java,,,,534,244,25.4,139,25.5,1,10,21.9,13,4,2.41,7.2,139,1,138,0,0,0,0,0,21.9,0.439942988,0.89008158,0.284023669,0.111219451,1,1,6,5,9,Bad
14,org,jfree,chart,plot,CategoryPlot.java,,,,4123,1326,23.7,722,44.5,1,173,6.06,36,8,2.36,2.88,491,4,487,0,0,0,0,0,6.06,0.114465657,0.985251033,0.293548387,0.033105626,4,4,2,3,18,Good
15,org,jfree,chart,plot,PiePlot.java,,,,3040,979,16.5,543,45.7,1,114,6.59,45,7,2.25,2.48,197,1,196,0,0,0,0,0,6.59,0.134962583,0.998705066,0.184994273,0.024934974,3,1,2,4,2,Bad
16,org,jfree,data,category,DefaultIntervalCategoryDataset.java,,,,802,226,26.1,90,46.4,1,32,5.63,13,6,2.29,3.13,21,8,13,2,0,0,0,2,5.63,0.380952381,0.995238095,0.484375,0.183645125,2,8,5,3,18,Good
17,org,jfree,data,time,TimeSeries.java,,,,1037,332,20.8,188,47.1,1,44,6.02,12,5,2.27,2.66,49,1,48,0,0,0,0,0,6.02,0.197988071,0.93987049,0.251046025,0.046715434,1,1,5,2,9,Bad
18,org,jfree,data,DefaultKeyedValues.java,,,,,470,144,18.1,86,49.1,1,22,4.91,10,5,2.04,2.23,241,4,237,0,0,0,0,0,4.91,0.353198669,0.974688797,0.714285714,0.245899132,6,4,9,4,12,Bad
19,org,jfree,chart,plot,CategoryPlot.java,,,,3813,1268,23.7,733,42.8,1,159,6.31,36,8,2.38,2.94,361,2,359,0,0,0,0,0,6.31,0.173447438,0.985580179,0.303072626,0.051809161,2,2,3,3,2,Good
20,org,jfree,chart,plot,ValueMarker.java,,,,156,30,13.3,6,66,1,6,3,5,3,1.57,1.67,296,1,295,1,1,0,0,2,3,0.227326266,0.958699847,0.578431373,0.126061978,1,1,2,3,2,Bad
21,org,jfree,data,statistics,DefaultBoxAndWhiskerCategoryDataset.java,,,,816,236,15.7,79,51,1,38,4.76,12,8,2.31,2.11,13,1,12,1,6,0,2,9,4.76,0.51981352,1,0.204545455,0.106325493,4,1,6,3,2,Bad
22,org,jfree,data,KeyedObjects2D.java,,,,,495,165,23.6,89,44.2,1,21,6.38,13,6,2.27,2.9,37,6,31,0,0,0,0,0,6.38,0.699017199,0.930930931,0.545454545,0.354947308,7,6,11,5,26,Good
23,org,jfree,chart,renderer,category,MinMaxCategoryRenderer.java,,,567,193,16.1,110,43.4,1,23,5.87,18,7,2.17,2.67,5,1,4,0,0,0,0,0,5.87,0.195336788,1,0.012953368,0.002530269,1,1,7,2,2,Bad
24,org,jfree,chart,renderer,GrayPaintScale.java,,,,173,37,13.5,6,61.3,1,7,3.14,5,3,1.57,1.71,10,1,9,0,0,0,0,0,3.14,0.885714286,0.666666667,0.857142857,0.506122449,1,1,2,4,9,Bad
25,org,jfree,chart,renderer,category,StatisticalBarRenderer.java,,,567,221,22.2,120,33.5,1,11,16.45,24,5,2.22,5.82,9,4,5,2,15,0,0,17,16.45,0.351234905,0.972222222,0.007646095,0.002610976,6,4,7,6,2,Good
26,org,jfree,chart,axis,Axis.java,,,,1374,421,14.7,194,47.1,1,56,5.13,24,5,1.91,2.18,539,22,517,6,12,0,0,18,5.13,0.064041515,0.997448117,0.218280601,0.013943348,2,22,1,2,2,Good
31,org,apache,commons,math3,util,ContinuedFraction.java,,,181,49,16.3,18,51.9,1,5,7.2,9,4,2.16,2.6,311,2,309,0,0,0,1,1,7.2,0.087573772,0.992220724,0.235443038,0.020458237,4,2,11,6,7,Good
32,org,apache,commons,math3,geometry,euclidean,twod,,474,191,19.4,132,31.2,3,6.33,6.21,15,8,3.21,2.84,23,1,22,0,0,0,2,2,6.21,0.595659337,1,0.080724876,0.048084526,1,1,2,3,5,Bad
33,org,apache,commons,math3,optimization,linear,SimplexTableau.java,,623,212,18.4,145,37.2,1,31,4.71,12,5,2,2.81,28,1,27,0,0,0,4,4,4.71,0.209296218,0.957671958,0.034313725,0.006877744,1,1,2,3,2,Bad
34,org,apache,commons,math3,genetics,ListPopulation.java,,,211,65,16.9,34,46.4,1,13,2.92,4,4,1.58,1.85,24,1,23,0,0,0,8,8,2.92,0.305555556,0.974637681,0.454545455,0.135366345,1,1,2,3,2,Good
35,org,apache,commons,math3,genetics,ElitisticListPopulation.java,,,112,28,7.1,15,55.4,1,5,3,3,3,1.36,1.6,12,4,8,0,0,0,6,6,3,0.233830846,0.924242424,0.149253731,0.032256177,2,4,3,3,2,Unknown
36,org,apache,commons,math,fraction,BigFraction.java,,,1145,292,16.1,197,55.5,1,54,3.83,13,4,1.99,1.96,88,2,86,0,0,0,5,5,3.83,0.123857624,0.977624785,0.545454545,0.066047063,4,2,4,3,2,Bad
37,org,apache,commons,math,complex,Complex.java,,,1233,265,23,159,60.4,1,44,4.55,9,4,2.03,2.91,287,4,283,0,0,0,1,1,4.55,0.110892289,0.968153797,0.485507246,0.052124442,4,4,4,4,2,Good
38,org,apache,commons,math,optimization,direct,BOBYQAOptimizer.java,,2482,1278,27.6,769,27.7,2,7.5,80.6,144,10,5.44,23.73,17,1,16,0,0,0,2,2,80.6,0.153011204,0.595588235,0.019345238,0.001762964,3,1,3,4,4,Bad
39,org,apache,commons,math,ode,nonstiff,EmbeddedRungeKuttaIntegrator.java,,378,130,16.2,52,36.2,1,9,11.56,25,7,2.87,3.67,69,1,68,0,0,0,3,3,11.56,0.63111413,0.993606138,0.296875,0.186164041,1,1,3,2,2,Bad
40,org,apache,commons,math,analysis,solvers,BracketingNthOrderBrentSolver.java,,403,165,25.5,45,32.5,1,9,15.78,34,6,2.93,5.33,89,1,88,0,0,0,4,4,15.78,0.22904468,0.959908069,0.225352113,0.049546329,2,1,3,3,25,Bad
41,org,apache,commons,math,stat,descriptive,moment,,620,131,20.6,29,64.7,1,21,4.67,8,5,2.48,2.29,221,1,220,0,0,0,2,2,4.67,0.171419552,0.991649527,0.447674419,0.076099332,1,1,4,3,2,Bad
42,org,apache,commons,math,optimization,linear,SimplexTableau.java,,623,212,18.4,145,37.2,1,31,4.71,12,5,2,2.81,27,1,26,0,0,0,4,4,4.71,0.197042531,0.954415954,0.03461063,0.006508894,2,1,1,3,2,Bad
43,org,apache,commons,math,stat,descriptive,SummaryStatistics.java,,740,235,14,142,49.5,1,39,4.08,23,4,1.75,2.03,78,6,72,0,0,0,3,3,4.08,0.25008325,0.991341991,0.295454545,0.073248508,3,6,1,1,2,Bad
44,org,apache,commons,math,ode,AbstractIntegrator.java,,,399,156,10.9,78,29.6,1,24,4.08,15,5,1.85,1.75,162,1,161,0,0,0,6,6,4.08,0.405175038,0.960049076,0.265753425,0.103374872,3,1,5,2,2,Bad
45,org,apache,commons,math,linear,OpenMapRealMatrix.java,,,278,120,15,74,29.5,1,16,5.94,6,6,2.32,2.13,433,1,432,0,0,0,9,9,5.94,0.079529982,0.98815328,0.488599349,0.038397954,1,1,5,1,2,Bad
46,org,apache,commons,math,complex,Complex.java,,,1185,238,21,146,62.5,1,42,4.14,8,4,1.97,2.62,190,2,188,0,0,0,12,12,4.14,0.062912144,0.944305207,0.245136187,0.014563116,2,2,2,2,2,Bad
47,org,apache,commons,math,complex,Complex.java,,,1183,238,21,146,62.5,1,42,4.14,8,4,1.97,2.62,190,2,188,0,0,0,5,5,4.14,0.063116936,0.944305207,0.245136187,0.014610522,4,2,5,4,2,Unknown
48,org,apache,commons,math,analysis,solvers,BaseSecantSolver.java,,272,105,45.7,23,36.8,2,3.5,12.43,30,7,3.62,5.14,36,1,35,0,0,0,4,4,12.43,0.218402778,0.953968254,0.08125,0.016928382,1,1,3,1,8,Bad
49,org,apache,commons,math,linear,OpenMapRealVector.java,,,925,427,16.9,271,27.2,3,23,4.93,9,5,2.18,2.09,35,1,34,0,0,0,3,3,4.93,0.102706767,0.983193277,0.144736842,0.014615614,4,1,2,2,15,Bad
50,org,apache,commons,math,analysis,solvers,BaseSecantSolver.java,,267,102,46.1,22,37.1,2,3.5,12.14,29,7,3.6,5,36,1,35,0,0,0,3,3,12.14,0.217155835,0.953968254,0.072327044,0.014983254,1,1,3,1,2,Bad
51,org,apache,commons,math,analysis,solvers,BaseSecantSolver.java,,274,106,45.3,25,36.5,2,3.5,12.71,30,7,3.72,5.14,36,1,35,0,0,0,6,6,12.71,0.233560091,0.953968254,0.081632653,0.018188483,3,1,7,1,25,Bad
52,org,apache,commons,math,geometry,euclidean,threed,,1032,350,13.4,236,42.9,1,21,15.1,37,5,2.55,4.14,28,1,27,0,0,0,6,6,15.1,0.150440313,0.994708995,0.154109589,0.023061627,3,1,4,2,2,Bad
53,org,apache,commons,math,complex,Complex.java,,,1023,209,20.6,131,61.6,1,35,4.37,9,4,1.98,2.63,167,1,166,0,0,0,12,12,4.37,0.063259983,0.926412236,0.245398773,0.014381552,1,1,2,1,2,Bad
54,org,apache,commons,math,dfp,Dfp.java,,,2406,1127,28.7,339,23.8,1,62,16.69,41,6,2.75,6.77,63,1,62,0,0,0,18,18,16.69,0.41990562,0.998463902,0.497297297,0.208497165,2,1,7,2,2,Bad
55,org,apache,commons,math,geometry,Vector3D.java,,,562,165,7.3,86,48.2,1,35,3.09,6,4,1.73,1.54,88,1,87,0,0,0,24,24,3.09,0.139309764,0.93338558,0.277777778,0.036119368,5,1,8,4,2,Bad
56,org,apache,commons,math,util,MultidimensionalCounter.java,,,297,89,16.9,20,48.8,2,6.5,2.92,5,5,2.28,1.77,5,1,4,0,0,0,30,30,2.92,0.1,1,0.0375,0.00375,1,1,4,3,2,Bad
57,org,apache,commons,math,stat,clustering,KMeansPlusPlusClusterer.java,,333,127,26.8,62,33.3,2,4,9.38,6,7,3.02,3.38,4,1,3,0,0,0,36,36,9.38,0.164,1,0.024,0.003936,1,1,1,1,2,Bad
58,org,apache,commons,math,optimization,fitting,GaussianFitter.java,,336,114,17.5,67,42,4,3,7.08,8,5,2.72,3,8,1,7,0,0,0,7,7,7.08,0.490927419,0.928571429,0.044354839,0.020219649,1,1,4,2,17,Bad
59,org,apache,commons,math,util,FastMath.java,,,3494,1638,14.8,282,25.4,1,46,33.59,44,5,2.56,7.31,1513,1,1512,0,0,0,1,1,33.59,0.069194824,0.989139846,0.403846154,0.027640587,1,1,2,2,2,Bad
60,org,apache,commons,math,distribution,NormalDistributionImpl.java,,,246,71,15.5,10,48.8,1,13,3.31,4,3,1.63,1.85,26,1,25,0,0,0,4,4,3.31,0.191715976,0.987692308,0.148717949,0.028160695,2,1,8,4,7,Bad
61,org,apache,commons,math,distribution,PoissonDistributionImpl.java,,,241,54,11.1,15,59.3,1,11,2.45,5,3,1.44,1.64,12,1,11,0,0,0,6,6,2.45,0.146126761,1,0.063380282,0.009261555,2,1,2,2,14,Unknown
62,org,apache,commons,math,optimization,univariate,MultiStartUnivariateRealOptimizer.java,,205,69,10.1,18,42.9,2,5.5,3.64,6,5,1.86,1.91,2,1,1,0,0,0,4,4,3.64,0.395061728,1,0.016460905,0.006503074,2,1,13,3,2,Bad
63,org,apache,commons,math,util,MathUtils.java,,,1986,616,33.3,184,48.4,2,34,7.74,24,7,2.75,4.29,760,1,759,0,0,0,8,8,7.74,0.064221923,0.981912832,0.60130719,0.03791863,1,1,3,2,2,Bad
64,org,apache,commons,math,optimization,general,LevenbergMarquardtOptimizer.java,,886,375,23.7,71,34.9,1,11,31.18,45,7,3.46,10.55,54,2,52,0,0,0,3,3,31.18,0.297739298,0.8721174,0.136363636,0.035408676,13,2,15,9,2,Bad
65,org,apache,commons,math,optimization,general,AbstractLeastSquaresOptimizer.java,,366,134,11.2,37,35.2,1,18,4.44,5,5,1.72,1.83,75,1,74,0,0,0,3,3,4.44,0.100199005,0.93009009,0.061567164,0.005737697,2,1,7,3,2,Bad
66,org,apache,commons,math,optimization,univariate,BrentOptimizer.java,,234,115,29.6,23,29.5,1,3,34.67,42,8,4,14.67,10,4,6,0,0,0,3,3,34.67,0.10744921,0.977777778,0.031602709,0.003320226,12,4,19,6,2,Good
67,org,apache,commons,math,optimization,MultiStartUnivariateRealOptimizer.java,,,318,120,10.8,29,35.2,1,20,4.1,15,6,2.33,1.8,2,1,1,0,0,0,3,3,4.1,0.345454545,1,0.024242424,0.008374656,2,1,2,1,2,Bad
68,org,apache,commons,math,optimization,general,LevenbergMarquardtOptimizer.java,,863,357,24.6,66,34.6,1,10,32.9,44,7,3.47,11.4,44,2,42,0,0,0,3,3,32.9,0.347763348,0.862579281,0.166666667,0.049995576,9,2,9,3,2,Bad
69,org,apache,commons,math,stat,correlation,PearsonsCorrelation.java,,281,89,16.9,51,49.8,1,13,5,5,5,2.15,2.31,15,2,13,0,0,0,4,4,5,0.144740177,0.942857143,0.034220532,0.004670052,1,2,2,3,2,Bad
70,org,apache,commons,math,analysis,solvers,BisectionSolver.java,,109,36,11.1,14,39.4,1,6,4.17,5,4,2.03,1.67,16,1,15,0,0,0,3,3,4.17,0.19375,0.975,0.316666667,0.059820313,1,1,3,2,18,Bad
71,org,apache,commons,math,ode,nonstiff,EmbeddedRungeKuttaIntegrator.java,,411,148,18.2,59,35.5,1,9,13.22,32,7,3,4.44,114,2,112,0,0,0,3,3,13.22,0.629085873,0.983232417,0.347368421,0.214860438,2,2,2,1,2,Bad
72,org,apache,commons,math,analysis,solvers,BrentSolver.java,,319,123,24.4,45,37.6,1,7,15.43,19,5,2.93,5.57,152,1,151,0,0,0,6,6,15.43,0.315541212,0.705298013,0.377358491,0.083981355,2,1,2,2,2,Bad
73,org,apache,commons,math,analysis,solvers,BrentSolver.java,,319,123,24.4,45,37.6,1,7,15.43,19,5,2.93,5.57,166,1,165,0,0,0,4,4,15.43,0.147055512,0.7483023,0.196261682,0.021597024,1,1,3,1,2,Bad
74,org,apache,commons,math,ode,nonstiff,EmbeddedRungeKuttaIntegrator.java,,403,144,18.8,57,35.2,1,9,12.78,32,7,2.89,4.44,56,1,55,0,0,0,2,2,12.78,0.20654278,0.991558442,0.089430894,0.018315379,3,1,5,3,2,Bad
75,org,apache,commons,math,stat,Frequency.java,,,593,170,17.1,103,51.3,2,17.5,3.43,11,4,1.96,1.86,8,1,7,0,0,0,1,1,3.43,0.708333333,1,0.555555556,0.393518519,1,1,2,2,2,Bad
76,org,apache,commons,math,linear,SingularValueDecompositionImpl.java,,,444,163,18.4,65,29.5,3,6.67,6.15,10,7,2.78,2.6,17,2,15,0,0,0,9,9,6.15,0.158126137,0.992647059,0.034793814,0.005461357,12,2,7,5,2,Good
77,org,apache,commons,math,linear,ArrayRealVector.java,,,1184,493,20.3,204,28,1,103,3.68,8,5,2.1,2.01,346,2,344,0,0,0,2,2,3.68,0.046068784,0.992359889,0.249721293,0.011416462,2,2,8,3,2,Good
78,org,apache,commons,math,ode,events,EventState.java,,345,128,14.1,33,38.8,2,6,7.92,24,8,3.03,3.5,116,1,115,0,0,0,12,12,7.92,0.509449602,0.923388306,0.307692308,0.144744555,3,1,6,3,14,Bad
79,org,apache,commons,math,util,MathUtils.java,,,1663,506,32.4,164,47.3,1,60,7.13,24,7,2.62,3.93,409,1,408,0,0,0,9,9,7.13,0.050622051,0.923694779,0.74025974,0.034614045,2,1,1,1,18,Bad
80,org,apache,commons,math,linear,EigenDecompositionImpl.java,,,1843,918,22.4,203,22.1,2,21,19.83,66,8,3.42,6.6,36,1,35,0,0,0,23,23,19.83,0.158146409,0.993650794,0.07198748,0.011312279,1,1,1,2,2,Bad
81,org,apache,commons,math,linear,EigenDecompositionImpl.java,,,1843,918,22.4,203,22.1,2,21,19.83,66,8,3.42,6.6,35,1,34,0,0,0,30,30,19.83,0.156315672,0.993277311,0.06885759,0.010691161,3,1,4,4,1,Bad
82,org,apache,commons,math,optimization,linear,SimplexSolver.java,,196,71,25.4,42,35.2,1,9,6.11,4,5,2.21,3,14,1,13,0,0,0,41,41,6.11,0.283604581,0.945054945,0.03164557,0.008481706,1,1,1,2,2,Bad
83,org,apache,commons,math,optimization,linear,SimplexTableau.java,,572,186,14.5,111,39.9,1,34,3.68,11,4,1.87,2.21,17,1,16,0,0,0,14,14,3.68,0.262099777,0.963235294,0.046413502,0.011717727,3,1,3,2,2,Bad
84,org,apache,commons,math,optimization,direct,MultiDirectional.java,,145,50,16,16,35.2,1,4,9.25,7,5,2.28,3,5,2,3,0,0,0,2,2,9.25,0.728358209,1,0.149253731,0.10871018,3,2,6,2,2,Good
85,org,apache,commons,math,analysis,solvers,UnivariateRealSolverUtils.java,,241,47,12.8,20,60.2,2,3.5,4.57,11,3,1.79,2.57,92,1,91,0,0,0,4,4,4.57,0.16819222,0.954371715,0.429824561,0.068994535,1,1,1,2,13,Bad
86,org,apache,commons,math,linear,CholeskyDecompositionImpl.java,,,354,129,24,35,28.5,2,6.5,8.15,10,6,3.23,3.38,12,2,10,0,0,0,3,3,8.15,0.168038409,0.984848485,0.065843621,0.010896617,2,2,6,1,2,Bad
87,org,apache,commons,math,optimization,linear,SimplexTableau.java,,547,179,15.1,108,39.3,1,31,3.9,11,4,1.88,2.32,16,1,15,0,0,0,6,6,3.9,0.257745726,0.975,0.049145299,0.012350316,3,1,2,2,2,Bad
88,org,apache,commons,math,optimization,linear,SimplexTableau.java,,549,180,15.6,106,39.2,1,31,3.94,11,5,1.91,2.32,15,1,14,0,0,0,3,3,3.94,0.256695157,0.971428571,0.049145299,0.012254921,4,1,8,4,2,Bad
89,org,apache,commons,math,stat,Frequency.java,,,494,139,16.5,95,53,2,14.5,3.41,11,4,2.01,1.79,7,1,6,0,0,0,3,3,3.41,0.923809524,1,0.566666667,0.523492063,2,1,3,1,5,Bad
90,org,apache,commons,math,stat,Frequency.java,,,490,136,15.4,94,53.5,2,14.5,3.31,11,4,1.99,1.72,7,1,6,0,0,0,7,7,3.31,0.945812808,1,0.586206897,0.554441991,2,1,2,1,9,Bad
91,org,apache,commons,math,fraction,Fraction.java,,,549,181,19.3,70,45,1,23,6.35,13,4,2.2,2.91,56,1,55,0,0,0,5,5,6.35,0.159468439,0.952597403,0.360465116,0.054757975,1,1,3,3,2,Bad
92,org,apache,commons,math,util,MathUtils.java,,,1161,351,35.9,121,51.5,1,43,6.84,24,7,2.74,4.12,203,1,202,0,0,0,4,4,6.84,0.079565577,0.925411789,0.813953488,0.059932146,12,1,15,8,2,Bad
93,org,apache,commons,math,util,MathUtils.java,,,1084,321,34.6,114,52.5,1,43,6.14,24,7,2.75,3.72,202,1,201,0,0,0,10,10,6.14,0.078310394,0.924594453,0.813953488,0.058934592,3,1,7,5,2,Bad
94,org,apache,commons,math,util,MathUtils.java,,,1070,315,34.3,111,53.2,1,43,6.02,24,7,2.76,3.65,202,1,201,0,0,0,6,6,6.02,0.078310394,0.924594453,0.813953488,0.058934592,1,1,1,2,2,Bad
95,org,apache,commons,math,distribution,FDistributionImpl.java,,,196,49,14.3,10,53.6,1,10,3.1,3,3,1.71,1.7,22,1,21,0,0,0,9,9,3.1,0.265008576,0.917748918,0.132075472,0.032122252,3,1,2,2,9,Bad
96,org,apache,commons,math,complex,Complex.java,,,874,169,24.3,134,64,1,29,4.41,11,5,2.13,2.76,149,1,148,0,0,0,17,17,4.41,0.381640261,0.925353925,1,0.353152314,1,1,2,3,2,Bad
97,org,apache,commons,math,analysis,BrentSolver.java,,,279,112,26.8,40,38.4,1,4,25.75,19,5,3.1,9,59,1,58,0,0,0,5,5,25.75,0.245394252,0.857393337,0.369565217,0.077756299,5,1,4,3,9,Bad
98,org,apache,commons,math,linear,BigMatrixImpl.java,,,1466,554,24.9,265,41,1,61,7.85,13,6,2.52,3.51,113,2,111,0,0,0,10,10,7.85,0.198517101,0.983091024,0.738738739,0.144172533,2,2,1,3,1,Good
99,org,apache,commons,math,util,MathUtils.java,,,1228,366,35.5,128,52,1,44,6.95,24,7,2.72,4.23,290,2,288,0,0,0,7,7,6.95,0.059927798,0.935410454,0.575,0.032232826,2,2,3,1,2,Bad
100,org,apache,commons,math,estimation,AbstractEstimator.java,,,301,95,12.6,42,44.5,1,12,5.58,5,5,1.97,2,48,1,47,0,0,0,2,2,5.58,0.394736842,0.711879433,0.219298246,0.061623912,3,1,2,2,1,Bad
101,org,apache,commons,math,complex,ComplexFormat.java,,,543,179,17.3,98,45.1,1,28,4.89,10,4,2.08,2.14,70,2,68,0,0,0,5,5,4.89,0.967346939,0.831469979,0.428571429,0.344708545,1,2,2,2,24,Bad
102,org,apache,commons,math,stat,inference,ChiSquareTestImpl.java,,421,146,25.3,42,41.3,1,18,6.72,14,5,2.31,3.5,30,6,24,0,0,0,5,5,6.72,0.24797048,1,0.143911439,0.035685789,3,6,6,3,2,Bad
103,org,apache,commons,math,distribution,NormalDistributionImpl.java,,,211,64,21.9,13,47.4,1,11,4,5,4,1.91,2.27,20,1,19,0,0,0,6,6,4,0.368421053,0.915789474,0.228070175,0.076949993,2,1,3,4,16,Bad
104,org,apache,commons,math,special,Gamma.java,,,262,69,20.3,23,46.2,2,4,6.63,13,5,2.34,4,91,1,90,0,0,0,16,16,6.63,0.235974552,0.731379731,0.210526316,0.036334106,1,1,1,3,2,Unknown
105,org,apache,commons,math,stat,regression,SimpleRegression.java,,519,94,9.6,26,68.6,1,22,2.59,3,3,1.71,1.45,9,1,8,0,0,0,2,2,2.59,0.868686869,0.916666667,0.545454545,0.434343434,1,1,2,2,2,Bad
106,org,apache,commons,math,fraction,ProperFractionFormat.java,,,229,77,19.5,49,44.5,1,7,8.86,10,4,2.1,2.57,16,1,15,0,0,0,6,6,65037240585,0.667682927,0.908333333,0.219512195,0.133129462,4,1,3,2,2,Bad
